<?xml version="1.0" encoding="UTF-8"?>
<!DOCTYPE hibernate-configuration PUBLIC "//-Hibernate//hibernate Configuration DTD 3.0//EN" 
"http://www.hibernate.org/dtd/hibernate-configuration-3.0.dtd">

<hibernate-configuration>
	<session-factory>
		<property name="connection.driver_class">com.mysql.cj.jdbc.Driver</property>
		<property name="connection.url">jdbc:mysql://localhost:3306/TPI</property>
		<property name="connection.username">root</property>
		<property name="connection.password"></property>
		<property name="hibernate.hbm2ddl.auto">update</property>
		<property name="dialect">org.hibernate.dialect.MySQLDialect</property>
		<property name="hibernate.show_sql">true</property>
		<property name="hibernate.format_sql">true</property>
        <property name="hibernate.use_sql_comments">true</property>
		<property name="hibernate.transaction.jta.platform">true</property>
		
		</session-factory>
</hibernate-configuration>